sheet,original_row,timestamp,prev_timestamp,prev_cumulative,cumulative,delta
Summenzähler,461,2024-12-31 23:59:00,2024-12-31 04:30:49,5342.5,1300.0,-4042.5
Summenzähler,462,2025-01-01 12:00:00,2025-01-01 00:16:11,5397.25,1299.9,-4097.35
Summenzähler,463,2025-01-08 12:00:00,2025-01-08 00:00:39,5918.849999999999,1298.5,-4620.349999999999
Summenzähler,464,2025-01-25 14:00:03,2025-01-24 06:01:16,6846.7,1295.0,-5551.7
Summenzähler,465,2025-01-27 11:45:06,2025-01-27 01:01:38,7033.450000000001,1295.0,-5738.450000000001
Summenzähler,467,2025-01-29 13:15:08,2025-01-29 02:30:22,7159.999999999999,1295.0,-5864.999999999999
Summenzähler,468,2025-01-30 13:00:07,2025-01-30 05:30:05,7220.0,1295.0,-5925.0
Summenzähler,469,2025-01-31 21:30:00,2025-01-31 04:00:09,7265.000000000001,1295.0,-5970.000000000001
Summenzähler,470,2025-02-01 18:30:14,2025-02-01 06:00:00,7315.000000000001,1295.0,-6020.000000000001
Summenzähler,471,2025-02-02 21:00:14,2025-02-02 15:30:10,7365.000000000001,1295.0,-6070.000000000001
Summenzähler,473,2025-02-04 02:30:10,2025-02-03 23:45:08,7450.0,1295.0,-6155.0
Summenzähler,474,2025-02-05 09:30:12,2025-02-04 20:45:05,7495.0,1295.0,-6200.0
Summenzähler,475,2025-02-06 21:30:09,2025-02-06 01:15:00,7555.0,1295.0,-6260.0
Summenzähler,477,2025-02-08 01:15:03,2025-02-07 23:45:44,7659.999999999999,1295.0,-6364.999999999999
Summenzähler,478,2025-02-09 15:00:04,2025-02-09 11:45:11,7709.999999999999,1295.0,-6414.999999999999
Summenzähler,479,2025-02-10 22:15:03,2025-02-10 05:45:10,7734.999999999999,1295.0,-6439.999999999999
Summenzähler,480,2025-02-11 19:00:03,2025-02-11 00:45:09,7780.0,1295.0,-6485.0
Summenzähler,481,2025-02-12 12:30:10,2025-02-12 11:15:00,7859.999999999999,1295.0,-6564.999999999999
Summenzähler,483,2025-02-14 23:00:07,2025-02-14 01:15:08,7959.999999999999,1295.0,-6664.999999999999
Summenzähler,485,2025-02-16 23:30:00,2025-02-16 03:30:05,8080.0,1295.0,-6785.0
Summenzähler,487,2025-02-18 11:45:10,2025-02-18 03:45:01,8175.0,1300.0,-6875.0
Summenzähler,488,2025-02-19 23:15:02,2025-02-19 06:30:13,8210.0,1330.0,-6880.0
Summenzähler,489,2025-02-20 20:45:04,2025-02-20 09:45:16,8255.0,1330.0,-6925.0
Summenzähler,490,2025-02-21 05:30:00,2025-02-21 00:00:13,8285.0,1330.0,-6955.0
Summenzähler,491,2025-02-22 15:45:12,2025-02-22 04:15:14,8320.0,1335.0,-6985.0
Summenzähler,493,2025-02-24 23:30:10,2025-02-24 17:45:12,8430.0,1335.0,-7095.0
Summenzähler,494,2025-02-25 22:30:04,2025-02-25 06:45:16,8470.0,1335.0,-7135.0
Summenzähler,495,2025-02-26 05:45:10,2025-02-26 04:30:00,8505.0,1335.0,-7170.0
Summenzähler,497,2025-03-11 12:00:12,2025-03-01 18:30:11,8720.0,1460.0,-7260.0
Summenzähler,498,2025-03-15 12:00:00,2025-03-11 13:45:30,8930.0,1504.1000000000001,-7425.9
Summenzähler,500,2025-03-21 23:30:15,2025-03-21 15:15:58,9230.0,1600.0,-7630.0
Summenzähler,502,2025-03-23 22:00:01,2025-03-23 19:00:04,9265.0,1610.0000000000002,-7655.0
Summenzähler,503,2025-03-24 13:15:00,2025-03-24 08:30:01,9300.0,1614.9999999999998,-7685.0
Summenzähler,504,2025-03-25 00:30:02,2025-03-25 00:00:10,9340.0,1614.9999999999998,-7725.0
Summenzähler,505,2025-03-26 02:15:15,2025-03-26 01:45:08,9365.0,1625.0,-7740.0
Summenzähler,507,2025-03-28 16:30:09,2025-03-28 14:45:06,9425.0,1680.0,-7745.0
Summenzähler,508,2025-03-29 20:00:11,2025-03-29 00:30:03,9425.0,1680.0,-7745.0
Summenzähler,510,2025-03-31 06:15:13,2025-03-30 04:30:14,9440.0,1685.0000000000002,-7755.0
Summenzähler,511,2025-04-01 00:15:14,2025-03-31 08:45:04,9480.0,1685.0000000000002,-7795.0
Summenzähler,512,2025-04-02 22:15:09,2025-04-02 06:15:06,9545.0,1725.0,-7820.0
Summenzähler,513,2025-04-03 00:30:03,2025-04-03 00:30:03,9555.0,1725.0,-7830.0
Summenzähler,514,2025-04-04 13:30:08,2025-04-04 08:15:00,9590.0,1795.0,-7795.0
Summenzähler,515,2025-04-05 01:15:04,2025-04-05 00:15:05,9590.0,1825.0,-7765.0
Summenzähler,517,2025-04-07 00:30:14,2025-04-06 22:30:16,9605.0,1895.0,-7710.0
Summenzähler,518,2025-04-08 19:15:04,2025-04-08 11:00:13,9625.0,2005.0,-7620.0
Summenzähler,520,2025-04-10 18:15:02,2025-04-10 13:30:02,9645.0,2065.0,-7580.0
Summenzähler,522,2025-04-12 00:30:09,2025-04-11 22:15:14,9655.0,2115.0,-7540.0
Summenzähler,523,2025-04-13 02:00:14,2025-04-12 02:45:04,9655.0,2170.0,-7485.0
Summenzähler,524,2025-04-14 16:45:06,2025-04-14 00:00:15,9685.0,2185.0,-7500.0
Summenzähler,526,2025-04-16 15:15:14,2025-04-16 11:45:09,9725.0,2280.0,-7445.0
Summenzähler,528,2025-04-18 08:00:07,2025-04-18 00:30:04,9735.0,2310.0,-7425.0
Summenzähler,529,2025-04-19 23:45:14,2025-04-19 12:00:01,9805.0,2345.0,-7460.0
Summenzähler,530,2025-04-20 11:30:09,2025-04-20 00:15:06,9805.0,2355.0,-7450.0
Summenzähler,531,2025-04-21 11:15:14,2025-04-21 05:45:09,9815.0,2395.0,-7420.0
Summenzähler,533,2025-04-23 14:00:00,2025-04-22 06:00:06,9830.0,2465.0,-7365.0
Summenzähler,534,2025-04-24 04:15:03,2025-04-24 00:00:10,9855.0,2495.0,-7360.0
Summenzähler,535,2025-04-25 13:45:04,2025-04-25 00:00:10,9860.0,2510.0,-7350.0
Summenzähler,536,2025-04-26 10:15:13,2025-04-26 07:15:00,9900.0,2510.0,-7390.0
Summenzähler,537,2025-04-27 23:45:13,2025-04-27 14:00:15,9905.0,2610.0,-7295.0
Summenzähler,538,2025-04-28 12:00:16,2025-04-28 04:30:13,9905.0,2630.0,-7275.0
Summenzähler,540,2025-04-30 21:00:12,2025-04-30 06:15:01,9920.0,2810.0,-7110.0
Summenzähler,541,2025-05-01 09:00:03,2025-05-01 02:45:12,9925.0,2815.0,-7110.0
Summenzähler,542,2025-05-02 18:15:12,2025-05-02 17:30:08,9930.0,2940.0,-6990.0
Summenzähler,543,2025-05-03 19:15:10,2025-05-03 02:30:01,9930.0,2940.0,-6990.0
Summenzähler,545,2025-05-05 19:45:05,2025-05-05 00:00:13,9960.0,2960.0,-7000.0
Summenzähler,547,2025-05-07 02:15:10,2025-05-06 03:15:09,9970.0,3025.0,-6945.0
Summenzähler,548,2025-05-08 01:00:15,2025-05-07 23:45:04,9985.0,3050.0,-6935.0
Summenzähler,549,2025-05-09 14:30:16,2025-05-08 20:45:07,9995.0,3120.0,-6875.0
Summenzähler,550,2025-05-10 22:15:01,2025-05-10 17:45:12,10010.0,3225.0,-6785.0
Summenzähler,551,2025-05-11 21:15:03,2025-05-11 11:45:16,10010.0,3300.0,-6710.0
Summenzähler,553,2025-05-13 08:15:13,2025-05-13 05:45:08,10015.0,3370.0000000000005,-6645.0
Summenzähler,554,2025-05-14 10:00:02,2025-05-14 00:00:09,10025.0,3450.0,-6575.0
Summenzähler,556,2025-05-16 16:30:10,2025-05-16 00:00:12,10035.0,3610.0,-6425.0
Summenzähler,557,2025-05-17 15:00:05,2025-05-17 11:00:06,10045.0,3654.9999999999995,-6390.0
Summenzähler,559,2025-05-19 23:45:07,2025-05-19 07:45:00,10060.0,3775.0,-6285.0
Summenzähler,561,2025-05-21 19:15:06,2025-05-21 08:00:00,10070.0,3865.0,-6205.0
Summenzähler,563,2025-05-23 00:00:08,2025-05-22 01:45:10,10070.0,3865.0,-6205.0
Summenzähler,564,2025-05-24 00:00:10,2025-05-23 02:00:06,10090.0,3915.0,-6175.0
Summenzähler,565,2025-05-25 01:15:08,2025-05-24 01:45:13,10100.0,3970.0000000000005,-6130.0
Summenzähler,566,2025-05-26 16:15:16,2025-05-26 01:45:00,10140.0,4004.9999999999995,-6135.0
Summenzähler,568,2025-05-28 13:15:04,2025-05-28 01:45:03,10160.0,4029.9999999999995,-6130.0
Summenzähler,570,2025-05-30 01:00:01,2025-05-29 23:45:06,10195.0,4070.0000000000005,-6125.0
Summenzähler,571,2025-05-31 19:30:01,2025-05-31 01:45:07,10200.0,4190.0,-6010.0
Summenzähler,573,2025-06-02 19:00:00,2025-06-02 00:00:08,10205.0,4225.0,-5980.0
Summenzähler,575,2025-06-04 00:00:13,2025-06-04 00:00:13,10225.0,4275.0,-5950.0
Summenzähler,577,2025-06-06 04:30:07,2025-06-06 00:00:01,10230.0,4305.0,-5925.0
Summenzähler,579,2025-06-08 23:30:16,2025-06-07 23:45:10,10260.0,4315.0,-5945.0
Summenzähler,580,2025-06-09 05:45:08,2025-06-08 23:45:12,10265.0,4315.0,-5950.0
Summenzähler,581,2025-06-10 00:00:10,2025-06-09 23:45:14,10265.0,4380.0,-5885.0
Summenzähler,582,2025-06-11 00:00:00,2025-06-10 02:30:01,10265.0,4430.0,-5835.0
Summenzähler,583,2025-06-12 00:00:00,2025-06-11 00:45:00,10265.0,4515.0,-5750.0
Summenzähler,584,2025-06-13 05:15:12,2025-06-13 00:00:04,10270.0,4600.0,-5670.0
Summenzähler,586,2025-06-15 00:00:10,2025-06-14 23:45:15,10270.0,4760.0,-5510.0
Summenzähler,587,2025-06-16 00:00:13,2025-06-16 00:00:13,10270.0,4800.0,-5470.0
Summenzähler,588,2025-06-17 17:30:00,2025-06-17 00:00:01,10270.0,4930.0,-5340.0
Summenzähler,590,2025-06-19 23:00:13,2025-06-19 00:00:08,10270.0,5080.0,-5190.0
Summenzähler,592,2025-06-21 11:45:14,2025-06-20 20:30:10,10275.0,5200.0,-5075.0
Summenzähler,593,2025-06-22 11:45:02,2025-06-22 03:15:15,10275.0,5295.0,-4980.0
Summenzähler,594,2025-06-23 15:30:09,2025-06-23 03:15:04,10280.0,5380.0,-4900.0
Summenzähler,595,2025-06-24 22:15:14,2025-06-24 03:15:08,10280.0,5465.0,-4815.0
Summenzähler,597,2025-06-26 08:45:06,2025-06-26 02:45:09,10295.0,5540.0,-4755.0
Summenzähler,598,2025-06-27 12:00:05,2025-06-27 00:15:06,10295.0,5585.0,-4710.0
Summenzähler,599,2025-06-28 11:30:00,2025-06-28 00:00:15,10295.0,5600.0,-4695.0
Summenzähler,600,2025-06-29 12:30:04,2025-06-29 00:00:03,10295.0,5685.0,-4610.0
Summenzähler,601,2025-06-30 06:15:00,2025-06-30 00:00:08,10295.0,5725.0,-4570.0
Summenzähler,602,2025-07-01 12:00:07,2025-07-01 00:00:13,10300.0,5815.0,-4485.0
Summenzähler,604,2025-07-03 12:00:01,2025-07-03 00:00:07,10335.0,5905.0,-4430.0
Summenzähler,606,2025-07-05 00:00:15,2025-07-04 00:00:11,10355.0,5980.0,-4375.0
Summenzähler,607,2025-07-06 00:00:04,2025-07-05 00:00:15,10365.0,6050.0,-4315.0
Summenzähler,608,2025-07-07 00:00:10,2025-07-06 00:00:04,10370.0,6085.0,-4285.0
Summenzähler,609,2025-07-08 00:00:14,2025-07-08 00:00:14,10395.0,6095.0,-4300.0
Summenzähler,611,2025-07-10 00:45:11,2025-07-10 00:00:08,10405.0,6125.0,-4280.0
Summenzähler,613,2025-07-12 12:00:12,2025-07-12 12:00:12,10405.0,6225.0,-4180.0
Summenzähler,614,2025-07-13 00:00:07,2025-07-13 00:00:07,10405.0,6225.0,-4180.0
Summenzähler,615,2025-07-14 23:45:04,2025-07-14 00:00:12,10410.0,6270.0,-4140.0
Summenzähler,617,2025-07-16 00:00:05,2025-07-15 12:00:10,10410.0,6305.0,-4105.0
Summenzähler,618,2025-07-17 00:00:09,2025-07-16 00:00:05,10410.0,6310.0,-4100.0
Summenzähler,619,2025-07-18 00:00:14,2025-07-17 00:00:09,10410.0,6335.0,-4075.0
Summenzähler,620,2025-07-19 00:00:03,2025-07-19 00:00:03,10415.0,6395.0,-4020.0
Summenzähler,621,2025-07-20 12:00:02,2025-07-20 00:00:08,10415.0,6480.0,-3935.0
Summenzähler,623,2025-07-22 00:00:03,2025-07-21 23:45:06,10445.0,6520.0,-3925.0
Summenzähler,624,2025-07-23 00:00:07,2025-07-22 02:45:05,10450.0,6530.0,-3920.0
Summenzähler,625,2025-07-24 00:00:00,2025-07-23 01:15:02,10455.0,6565.000000000001,-3889.999999999999
Summenzähler,626,2025-07-25 00:00:00,2025-07-24 18:30:10,10470.0,6565.000000000001,-3904.999999999999
Summenzähler,627,2025-07-26 00:00:04,2025-07-25 11:15:06,10490.0,6595.0,-3895.0
Summenzähler,628,2025-07-27 00:00:10,2025-07-26 23:45:13,10495.0,6600.0,-3895.0
Summenzähler,629,2025-07-28 00:00:15,2025-07-27 03:30:00,10495.0,6600.0,-3895.0
Summenzähler,630,2025-07-29 00:00:02,2025-07-28 00:45:02,10515.0,6600.0,-3915.0
Summenzähler,631,2025-07-30 00:00:06,2025-07-29 22:45:00,10555.0,6600.0,-3955.0
Summenzähler,632,2025-07-31 11:45:08,2025-07-30 09:45:06,10565.0,6605.0,-3960.0
Summenzähler,633,2025-08-01 14:00:09,2025-08-01 12:45:14,10585.0,6605.0,-3980.0
Summenzähler,634,2025-08-02 13:45:01,2025-08-02 11:00:14,10605.0,6605.0,-4000.0
Summenzähler,635,2025-08-03 13:30:10,2025-08-03 08:00:06,10615.0,6605.0,-4010.0
Summenzähler,637,2025-08-05 14:15:07,2025-08-04 01:30:05,10615.0,6615.000000000001,-3999.999999999999
Summenzähler,638,2025-08-06 13:45:04,2025-08-06 12:00:00,10670.0,6655.0,-4015.0
Summenzähler,639,2025-08-07 12:15:03,2025-08-07 00:00:12,10670.0,6700.0,-3970.0
Summenzähler,641,2025-08-09 18:45:01,2025-08-09 00:15:02,10680.0,6850.0,-3830.0
Summenzähler,642,2025-08-10 04:15:05,2025-08-10 02:15:05,10680.0,6850.0,-3830.0
Summenzähler,644,2025-08-12 06:15:12,2025-08-11 16:00:08,10680.0,6984.999999999999,-3695.000000000001
Summenzähler,645,2025-08-13 07:00:07,2025-08-12 12:15:12,10685.0,7050.0,-3635.0
Summenzähler,646,2025-08-14 09:30:02,2025-08-14 01:15:10,10685.0,7105.0,-3580.0
Summenzähler,647,2025-08-15 11:30:06,2025-08-15 07:00:01,10690.0,7170.0,-3520.0
Summenzähler,649,2025-08-17 14:00:08,2025-08-17 11:30:02,10695.0,7225.0,-3470.0
Summenzähler,651,2025-08-19 12:45:08,2025-08-18 20:15:07,10705.0,7270.0,-3435.0
Summenzähler,652,2025-08-20 01:00:15,2025-08-19 21:00:00,10725.0,7320.0,-3405.0
Summenzähler,653,2025-08-21 11:30:07,2025-08-21 00:15:16,10725.0,7320.0,-3405.0
Summenzähler,654,2025-08-22 23:30:07,2025-08-22 17:30:10,10740.0,7380.0,-3360.0
Summenzähler,656,2025-08-24 06:00:01,2025-08-23 00:15:10,10740.0,7384.999999999999,-3355.000000000001
Summenzähler,657,2025-08-25 18:15:14,2025-08-25 14:00:04,10750.0,7459.999999999999,-3290.000000000001
Summenzähler,659,2025-08-27 00:00:04,2025-08-26 11:30:01,10750.0,7495.0,-3255.0
Summenzähler,660,2025-08-28 06:15:02,2025-08-28 01:45:11,10760.0,7515.000000000001,-3244.999999999999
Summenzähler,661,2025-08-29 23:00:05,2025-08-29 06:15:07,10805.0,7540.000000000001,-3264.999999999999
Summenzähler,663,2025-08-31 23:15:11,2025-08-31 00:45:13,10855.0,7575.0,-3280.0
Summenzähler,665,2025-09-02 00:00:03,2025-09-01 03:00:13,10860.0,7575.0,-3285.0
Summenzähler,666,2025-09-03 21:00:15,2025-09-03 00:45:11,10925.0,7600.0,-3325.0
Summenzähler,668,2025-09-05 15:15:07,2025-09-05 00:45:05,10955.0,7609.999999999999,-3345.000000000001
Summenzähler,670,2025-09-07 00:00:11,2025-09-06 09:45:06,11005.0,7630.0,-3375.0
Summenzähler,671,2025-09-08 00:00:01,2025-09-07 00:15:07,11005.0,7670.0,-3335.0
Summenzähler,672,2025-09-09 05:30:11,2025-09-09 02:30:00,11045.0,7670.0,-3375.0
Summenzähler,673,2025-09-10 22:45:03,2025-09-10 21:30:08,11120.0,7670.0,-3450.0
Summenzähler,675,2025-09-12 06:00:15,2025-09-11 11:15:05,11150.0,7670.0,-3480.0
Summenzähler,676,2025-09-13 23:30:04,2025-09-13 11:45:06,11195.0,7695.0,-3500.0
Summenzähler,677,2025-09-14 05:30:00,2025-09-14 00:15:07,11200.0,7695.0,-3505.0
Summenzähler,679,2025-09-16 14:30:05,2025-09-16 13:45:02,11325.0,7700.0,-3625.0
Summenzähler,680,2025-09-17 05:45:11,2025-09-17 01:30:01,11330.0,7705.0,-3625.0
Summenzähler,682,2025-09-19 05:45:04,2025-09-19 01:00:02,11390.0,7720.0,-3670.0
Summenzähler,683,2025-09-20 11:45:04,2025-09-20 01:30:13,11420.0,7745.0,-3675.0
Summenzähler,684,2025-09-21 05:45:12,2025-09-21 01:30:03,11440.0,7765.000000000001,-3674.999999999999
Summenzähler,685,2025-09-22 18:15:51,2025-09-22 14:30:01,11500.0,7780.0,-3720.0
Summenzähler,686,2025-09-23 22:45:12,2025-09-23 02:15:14,11580.0,7780.0,-3800.0
Summenzähler,688,2025-09-25 23:30:23,2025-09-25 16:30:10,11700.0,7780.0,-3920.0
Summenzähler,690,2025-09-27 00:00:02,2025-09-26 15:45:10,11775.0,7780.0,-3995.0
Summenzähler,691,2025-09-28 20:15:07,2025-09-28 10:15:11,11905.0,7780.0,-4125.0
Summenzähler,692,2025-09-29 23:15:08,2025-09-29 00:15:05,11910.0,7784.999999999999,-4125.000000000001
Summenzähler,693,2025-09-30 19:00:03,2025-09-30 15:30:13,12000.0,7784.999999999999,-4215.000000000001
Summenzähler,694,2025-10-01 14:00:09,2025-10-01 08:00:12,12045.0,7784.999999999999,-4260.000000000001
Summenzähler,695,2025-10-02 08:15:12,2025-10-02 00:00:04,12050.0,7795.0,-4255.0
Summenzähler,696,2025-10-03 23:30:05,2025-10-03 01:30:16,12100.0,7805.0,-4295.0
Summenzähler,698,2025-10-05 10:00:10,2025-10-04 23:45:03,12230.0,7805.0,-4425.0
Summenzähler,699,2025-10-06 14:15:07,2025-10-05 20:45:09,12270.0,7805.0,-4465.0
Summenzähler,700,2025-10-07 17:30:03,2025-10-06 23:45:09,12360.0,7805.0,-4555.0
Summenzähler,701,2025-10-08 07:45:08,2025-10-08 00:30:00,12440.0,7805.0,-4635.0
Summenzähler,702,2025-10-09 22:00:15,2025-10-09 05:15:03,12485.0,7805.0,-4680.0
Summenzähler,704,2025-10-11 07:30:04,2025-10-10 10:30:16,12540.0,7805.0,-4735.0
Summenzähler,705,2025-10-12 00:15:15,2025-10-11 19:15:02,12640.0,7805.0,-4835.0
Summenzähler,706,2025-10-13 00:15:02,2025-10-12 14:00:11,12680.0,7805.0,-4875.0
Summenzähler,707,2025-10-14 23:15:08,2025-10-14 01:15:05,12869.999999999998,7805.0,-5064.999999999998
Summenzähler,708,2025-10-15 09:15:02,2025-10-15 01:00:11,12905.000000000002,7805.0,-5100.000000000002
Summenzähler,709,2025-10-16 12:00:09,2025-10-16 00:00:15,12944.999999999998,7805.0,-5139.999999999998
Summenzähler,710,2025-10-17 22:30:13,2025-10-17 11:45:15,13040.0,7809.999999999999,-5230.000000000001
Summenzähler,712,2025-10-19 13:00:01,2025-10-19 07:15:00,13140.0,7809.999999999999,-5330.000000000001
Summenzähler,713,2025-10-20 23:45:01,2025-10-20 22:15:10,13244.999999999998,7809.999999999999,-5434.999999999999
Summenzähler,715,2025-10-22 11:15:06,2025-10-21 19:30:10,13269.999999999998,7809.999999999999,-5459.999999999999
Summenzähler,716,2025-10-23 23:30:13,2025-10-23 07:15:10,13360.0,7809.999999999999,-5550.000000000001
Summenzähler,718,2025-10-25 02:00:05,2025-10-25 00:00:07,13500.0,7809.999999999999,-5690.000000000001
Summenzähler,719,2025-10-26 21:15:09,2025-10-26 01:00:09,13565.0,7809.999999999999,-5755.000000000001
Summenzähler,720,2025-10-27 21:45:01,2025-10-27 01:30:02,13650.0,7809.999999999999,-5840.000000000001
Summenzähler,721,2025-10-28 23:15:11,2025-10-28 02:45:15,13719.999999999998,7809.999999999999,-5909.999999999999
Summenzähler,722,2025-10-29 23:30:09,2025-10-29 01:00:14,13769.999999999998,7809.999999999999,-5959.999999999999
Summenzähler,724,2025-10-31 19:30:01,2025-10-30 05:00:14,13894.999999999998,7809.999999999999,-6084.999999999999
Summenzähler,725,2025-11-01 03:45:07,2025-10-31 21:15:02,14030.000000000002,7809.999999999999,-6220.000000000003
Summenzähler,726,2025-11-02 10:15:14,2025-11-02 00:30:16,14085.0,7809.999999999999,-6275.000000000001
Summenzähler,727,2025-11-03 22:15:10,2025-11-03 01:15:06,14205.000000000002,7809.999999999999,-6395.000000000003
Summenzähler,729,2025-11-05 11:15:07,2025-11-05 11:15:07,14330.000000000002,7809.999999999999,-6520.000000000003
Summenzähler,730,2025-11-06 23:30:15,2025-11-06 23:00:07,14435.0,7809.999999999999,-6625.000000000001
Summenzähler,731,2025-11-07 12:30:07,2025-11-07 00:30:14,14435.0,7809.999999999999,-6625.000000000001
Summenzähler,732,2025-11-08 16:45:05,2025-11-08 15:15:14,14590.0,7809.999999999999,-6780.000000000001
Summenzähler,734,2025-11-10 23:15:08,2025-11-10 17:45:08,14794.999999999998,7809.999999999999,-6984.999999999999
Summenzähler,736,2025-11-12 02:45:00,2025-11-12 01:30:05,14875.0,7809.999999999999,-7065.000000000001
Summenzähler,737,2025-11-13 21:00:07,2025-11-13 09:00:15,14944.999999999998,7809.999999999999,-7134.999999999999
Summenzähler,738,2025-11-14 23:30:15,2025-11-14 14:30:05,15019.999999999998,7809.999999999999,-7209.999999999999
Summenzähler,739,2025-11-15 12:15:00,2025-11-15 05:30:12,15110.0,7809.999999999999,-7300.000000000001
Summenzähler,740,2025-11-16 23:45:15,2025-11-16 11:30:10,15210.0,7815.000000000001,-7394.999999999999
Summenzähler,742,2025-11-18 23:15:09,2025-11-18 00:00:12,15405.000000000002,7815.000000000001,-7590.000000000001
Summenzähler,743,2025-11-19 12:15:01,2025-11-19 01:30:04,15494.999999999998,7815.000000000001,-7679.999999999997
Summenzähler,744,2025-11-20 23:45:03,2025-11-20 07:30:02,15590.0,7815.000000000001,-7774.999999999999
Summenzähler,745,2025-11-21 20:45:05,2025-11-21 07:00:10,15675.0,7815.000000000001,-7859.999999999999
Summenzähler,746,2025-11-22 23:30:10,2025-11-22 15:15:02,15825.0,7815.000000000001,-8009.999999999999
Summenzähler,747,2025-11-23 11:45:14,2025-11-23 06:45:00,15910.0,7815.000000000001,-8094.999999999999
Summenzähler,748,2025-11-24 23:45:07,2025-11-24 00:00:02,15969.999999999998,7815.000000000001,-8154.999999999997
Summenzähler,750,2025-11-26 23:15:15,2025-11-26 16:30:16,16144.999999999998,7815.000000000001,-8329.999999999996
Summenzähler,751,2025-11-27 18:15:02,2025-11-27 01:45:05,16225.0,7815.000000000001,-8410.0
Summenzähler,752,2025-11-28 23:45:07,2025-11-28 22:15:00,16465.0,7815.000000000001,-8650.0
Summenzähler,753,2025-11-29 06:45:01,2025-11-29 05:00:15,16480.0,7815.000000000001,-8665.0
Summenzähler,755,2025-12-01 00:45:05,2025-11-30 04:15:11,16610.0,7815.000000000001,-8795.0
Summenzähler,756,2025-12-02 23:00:01,2025-12-02 19:15:15,16850.0,7815.000000000001,-9035.0
Summenzähler,757,2025-12-03 11:15:05,2025-12-03 04:30:07,16865.0,7815.000000000001,-9050.0
Summenzähler,759,2025-12-05 00:00:00,2025-12-04 23:30:08,17005.0,7815.000000000001,-9190.0
Summenzähler,760,2025-12-06 13:00:06,2025-12-05 21:15:13,17075.0,7815.000000000001,-9260.0
Summenzähler,761,2025-12-07 00:15:11,2025-12-06 21:00:01,17210.0,7815.000000000001,-9395.0
Summenzähler,762,2025-12-08 20:30:07,2025-12-08 12:30:12,17425.0,7815.000000000001,-9610.0
Summenzähler,764,2025-12-10 17:45:03,2025-12-10 00:00:11,17520.0,7815.000000000001,-9705.0
Summenzähler,766,2025-12-12 00:00:10,2025-12-11 00:30:03,17570.0,7815.000000000001,-9755.0
Summenzähler,767,2025-12-13 00:00:10,2025-12-12 13:15:13,17700.0,7815.000000000001,-9885.0
Summenzähler,768,2025-12-14 00:00:09,2025-12-13 15:45:02,17835.0,7815.000000000001,-10020.0
Summenzähler,769,2025-12-15 00:00:08,2025-12-14 12:45:04,17895.0,7815.000000000001,-10080.0
Summenzähler,770,2025-12-16 00:00:07,2025-12-15 13:00:15,18005.0,7815.000000000001,-10190.0
Summenzähler,771,2025-12-17 00:00:06,2025-12-16 13:15:09,18100.0,7815.000000000001,-10285.0
Summenzähler,772,2025-12-18 00:00:06,2025-12-17 19:45:13,18180.0,7815.000000000001,-10365.0
Summenzähler,773,2025-12-19 00:00:04,2025-12-18 00:00:06,18190.0,7815.000000000001,-10375.0
Summenzähler,774,2025-12-20 00:00:04,2025-12-19 12:45:15,18295.0,7815.000000000001,-10480.0
Summenzähler,775,2025-12-21 00:00:03,2025-12-20 23:30:10,18435.0,7815.000000000001,-10620.0
Summenzähler,776,2025-12-22 00:00:01,2025-12-21 13:15:05,18475.0,7815.000000000001,-10660.0
Summenzähler,777,2025-12-23 09:27:53,2025-12-22 14:15:03,18530.0,7815.000000000001,-10715.0
Summenzähler,778,2025-12-24 12:00:07,2025-12-24 06:30:02,18645.0,7815.000000000001,-10830.0
Summenzähler,780,2025-12-26 00:00:13,2025-12-25 22:30:06,18775.0,7815.000000000001,-10960.0
Summenzähler,781,2025-12-27 07:57:56,2025-12-26 00:00:13,18785.0,7815.000000000001,-10970.0
Summenzähler,782,2025-12-28 00:00:08,2025-12-27 20:30:02,18900.0,7815.000000000001,-11085.0
Summenzähler,783,2025-12-29 00:00:05,2025-12-28 14:15:08,18935.0,7815.000000000001,-11120.0
Summenzähler,784,2025-12-30 00:00:03,2025-12-29 16:45:12,19065.0,7815.000000000001,-11250.0
Summenzähler,785,2025-12-31 00:00:00,2025-12-30 13:30:00,19115.0,7815.000000000001,-11300.0
Summenzähler,786,2026-01-01 00:00:13,2025-12-31 23:45:02,19245.0,7815.000000000001,-11430.0
Summenzähler,787,2026-01-02 00:00:12,2026-01-01 04:15:07,19255.0,7815.000000000001,-11440.0
Summenzähler,788,2026-01-03 00:15:05,2026-01-02 15:45:03,19430.0,7815.000000000001,-11615.0
Summenzähler,789,2026-01-04 00:00:05,2026-01-03 13:16:14,19515.0,7815.000000000001,-11700.0
Summenzähler,790,2026-01-05 00:00:03,2026-01-04 12:30:35,19620.0,7815.000000000001,-11805.0
Summenzähler,791,2026-01-06 14:00:04,2026-01-06 06:15:08,19855.0,7815.000000000001,-12040.0
Summenzähler,793,2026-01-08 08:15:14,2026-01-07 23:30:01,20100.0,7815.000000000001,-12285.0
Summenzähler,794,2026-01-09 15:30:00,2026-01-09 11:15:07,20240.0,7815.000000000001,-12425.0
Summenzähler,796,2026-01-11 10:15:01,2026-01-10 22:15:11,20380.0,7815.000000000001,-12565.0
Summenzähler,797,2026-01-12 00:00:11,2026-01-11 23:00:11,20485.0,7815.000000000001,-12670.0
Summenzähler,798,2026-01-13 16:15:06,2026-01-12 10:16:01,20615.0,7815.000000000001,-12800.0
Summenzähler,799,2026-01-14 00:00:04,2026-01-13 23:45:08,20745.0,7815.000000000001,-12930.0
Summenzähler,800,2026-01-15 00:00:15,2026-01-14 14:30:15,20780.0,7815.000000000001,-12965.0
Summenzähler,801,2026-01-16 00:00:12,2026-01-16 00:00:12,20920.0,7815.000000000001,-13105.0
Summenzähler,803,2026-01-18 00:00:05,2026-01-17 11:30:09,21010.0,7815.000000000001,-13195.0
Summenzähler,804,2026-01-19 00:00:02,2026-01-18 14:30:02,21080.0,7815.000000000001,-13265.0
Summenzähler,805,2026-01-20 09:30:15,2026-01-19 09:00:10,21125.0,7815.000000000001,-13310.0
Summenzähler,806,2026-01-21 03:30:02,2026-01-20 14:15:15,21190.0,7815.000000000001,-13375.0
Summenzähler,807,2026-01-22 22:15:02,2026-01-22 05:15:16,21270.0,7815.000000000001,-13455.0
Summenzähler,809,2026-01-24 00:00:00,2026-01-23 19:15:01,21350.0,7815.000000000001,-13535.0
Summenzähler,810,2026-01-25 00:15:09,2026-01-24 00:30:09,21390.0,7820.0,-13570.0
Summenzähler,811,2026-01-26 21:00:06,2026-01-26 13:15:08,21700.0,7820.0,-13880.0
Summenzähler,813,2026-01-28 22:45:15,2026-01-28 18:30:08,21870.0,7820.0,-14050.0
Summenzähler,814,2026-01-29 11:30:07,2026-01-29 09:00:02,21915.0,7820.0,-14095.0
Summenzähler,816,2026-01-31 10:45:11,2026-01-31 02:15:10,22150.0,7820.0,-14330.0
Summenzähler,817,2026-02-01 16:30:04,2026-02-01 11:15:12,22295.0,7820.0,-14475.0
Summenzähler,819,2026-02-03 13:30:12,2026-02-03 07:30:02,22515.0,7820.0,-14695.0
Summenzähler,820,2026-02-04 14:30:05,2026-02-04 01:15:05,22565.0,7820.0,-14745.0
Summenzähler,822,2026-02-06 13:00:03,2026-02-06 12:15:00,22750.0,7820.0,-14930.0
Summenzähler,823,2026-02-07 05:00:04,2026-02-07 00:00:08,22785.0,7820.0,-14965.0
Summenzähler,825,2026-02-09 23:45:01,2026-02-09 00:00:00,22920.0,7820.0,-15100.0
Summenzähler,827,2026-02-11 09:15:15,2026-02-11 00:00:26,23075.0,7820.0,-15255.0
Summenzähler,828,2026-02-12 23:45:08,2026-02-12 00:00:08,23170.0,7820.0,-15350.0
Summenzähler,830,2026-02-14 11:15:01,2026-02-14 00:00:15,23340.0,7820.0,-15520.0
Summenzähler,831,2026-02-15 23:15:03,2026-02-15 00:00:11,23450.0,7820.0,-15630.0
Summenzähler,832,2026-02-16 11:00:13,2026-02-16 00:00:06,23535.0,7820.0,-15715.0
Summenzähler,833,2026-02-17 11:45:11,2026-02-17 00:00:01,23605.0,7820.0,-15785.0
Summenzähler,834,2026-02-18 23:30:01,2026-02-18 00:00:13,23655.0,7820.0,-15835.0
Summenzähler,835,2026-02-19 12:15:09,2026-02-19 00:00:08,23690.0,7820.0,-15870.0
Summenzähler,836,2026-02-20 23:15:10,2026-02-20 00:00:04,23775.0,7820.0,-15955.0
Summenzähler,837,2026-02-21 10:15:00,2026-02-21 00:00:15,23880.0,7820.0,-16060.0
Summenzähler,838,2026-02-22 13:15:09,2026-02-22 00:00:08,23980.0,7820.0,-16160.0
Summenzähler,839,2026-02-23 02:15:13,2026-02-23 00:00:04,24140.0,7820.0,-16320.0
Summenzähler,840,2026-02-24 23:45:14,2026-02-24 00:00:14,24215.0,7820.0,-16395.0
Summenzähler,841,2026-02-25 12:45:04,2026-02-25 00:00:10,24270.0,7820.0,-16450.0
Summenzähler,842,2026-02-26 06:00:01,2026-02-26 00:15:01,24315.0,7820.0,-16495.0
Summenzähler,843,2026-02-27 21:30:10,2026-02-27 00:00:01,24360.0,7820.0,-16540.0
Summenzähler,844,2026-02-28 00:45:03,2026-02-28 00:00:15,24470.0,7820.0,-16650.0
Summenzähler,845,2026-03-01 04:00:11,2026-03-01 00:00:13,24495.0,7820.0,-16675.0
Summenzähler,846,2026-03-02 09:00:03,2026-03-02 00:00:11,24535.0,7820.0,-16715.0
Summenzähler,847,2026-03-03 09:45:04,2026-03-03 00:00:08,24560.0,7834.999999999999,-16725.0
Summenzähler,848,2026-03-04 08:15:12,2026-03-04 00:00:06,24580.0,7845.0,-16735.0
Summenzähler,849,2026-03-05 01:45:06,2026-03-05 00:00:04,24605.0,7855.0,-16750.0
Summenzähler,850,2026-03-06 01:45:06,2026-03-06 00:00:03,24685.0,7875.0,-16810.0
PV-Zähler,0,2024-11-18 22:15:14,2024-10-15 12:00:00,2487.632,111.58,-2376.052
PV-Zähler,1,2024-11-19 04:00:14,2024-11-19 04:00:14,3933.605,112.018,-3821.587
PV-Zähler,2,2024-11-20 23:30:01,2024-11-20 23:30:01,3949.07,114.011,-3835.059
PV-Zähler,3,2024-11-21 23:45:18,2024-11-21 20:45:18,3957.067,115.001,-3842.066
PV-Zähler,4,2024-11-22 11:45:00,2024-11-22 00:15:19,3957.067,115.575,-3841.492
PV-Zähler,5,2024-11-23 23:30:05,2024-11-23 19:15:04,3991.629,116.996,-3874.633
PV-Zähler,6,2024-11-24 05:15:06,2024-11-24 00:00:05,3991.629,117.353,-3874.276
PV-Zähler,8,2024-11-26 18:45:12,2024-11-26 15:15:12,4041.614,119.614,-3922.0
PV-Zähler,10,2024-11-28 00:00:04,2024-11-27 22:00:04,4059.267,120.973,-3938.294
PV-Zähler,11,2024-11-29 14:45:12,2024-11-28 19:45:10,4069.765,122.451,-3947.314
PV-Zähler,12,2024-11-30 00:00:13,2024-11-29 23:30:13,4080.51,122.939,-3957.5710000000004
PV-Zähler,13,2024-12-01 00:00:14,2024-11-30 08:00:13,4080.514,123.972,-3956.542
PV-Zähler,14,2024-12-02 00:00:18,2024-12-01 23:15:18,4106.569,125.094,-3981.4750000000004
PV-Zähler,15,2024-12-03 00:00:02,2024-12-02 19:30:01,4114.069,126.388,-3987.6810000000005
PV-Zähler,16,2024-12-04 05:30:38,2024-12-03 19:15:17,4122.746,127.951,-3994.795
PV-Zähler,17,2024-12-05 00:45:00,2024-12-04 06:30:18,4122.746,128.656,-3994.09
PV-Zähler,18,2024-12-06 20:00:06,2024-12-06 09:15:05,4153.518,130.44,-4023.078
PV-Zähler,19,2024-12-07 16:30:00,2024-12-07 00:15:18,4158.288,131.374,-4026.9139999999998
PV-Zähler,20,2024-12-08 02:00:01,2024-12-08 00:00:00,4162.688,132.122,-4030.5660000000003
PV-Zähler,22,2024-12-10 22:15:16,2024-12-10 00:00:02,4175.826,135.608,-4040.218
PV-Zähler,24,2024-12-12 23:45:12,2024-12-12 05:30:10,4187.128,138.317,-4048.8109999999997
PV-Zähler,26,2024-12-14 17:30:17,2024-12-14 09:45:16,4201.339,140.238,-4061.101
PV-Zähler,28,2024-12-16 00:15:08,2024-12-15 09:45:06,4212.769,141.751,-4071.018
PV-Zähler,29,2024-12-17 00:00:04,2024-12-16 19:30:11,4220.905,143.054,-4077.8509999999997
PV-Zähler,30,2024-12-18 08:00:09,2024-12-18 06:00:08,4227.908,144.785,-4083.1230000000005
PV-Zähler,32,2024-12-20 23:45:00,2024-12-20 06:45:17,4243.79,147.618,-4096.172
PV-Zähler,34,2024-12-22 00:00:19,2024-12-21 04:00:01,4251.858,148.764,-4103.094
PV-Zähler,35,2024-12-23 06:15:18,2024-12-22 07:15:15,4260.93,150.588,-4110.342000000001
PV-Zähler,36,2024-12-24 11:15:02,2024-12-23 23:45:01,4275.813,151.84,-4123.973
PV-Zähler,37,2024-12-25 23:30:04,2024-12-24 18:45:03,4283.443,153.396,-4130.0470000000005
PV-Zähler,38,2024-12-26 13:15:05,2024-12-26 00:30:04,4299.294,153.982,-4145.312
PV-Zähler,40,2024-12-28 00:00:09,2024-12-27 23:45:10,4332.238,155.389,-4176.849
PV-Zähler,41,2024-12-29 15:15:15,2024-12-29 03:45:13,4341.018,157.187,-4183.831
PV-Zähler,43,2024-12-31 19:00:19,2024-12-30 20:15:16,4352.67,159.79,-4192.88
PV-Zähler,44,2025-01-01 21:15:07,2025-01-01 02:00:19,4365.055,160.886,-4204.169
PV-Zähler,46,2025-01-03 11:15:16,2025-01-02 21:30:13,4382.792,162.946,-4219.8460000000005
PV-Zähler,47,2025-01-04 23:30:13,2025-01-04 23:30:13,4393.838,164.792,-4229.045999999999
PV-Zähler,49,2025-01-06 23:45:20,2025-01-05 13:00:15,4394.057,167.278,-4226.7789999999995
PV-Zähler,50,2025-01-07 18:15:02,2025-01-07 10:15:02,4407.218,168.067,-4239.151
PV-Zähler,51,2025-01-08 23:15:07,2025-01-08 03:15:04,4419.434,169.455,-4249.979
PV-Zähler,53,2025-01-10 23:45:03,2025-01-10 19:15:03,4445.236,171.576,-4273.66
PV-Zähler,55,2025-01-12 22:45:08,2025-01-11 10:45:04,4445.944,173.501,-4272.443
PV-Zähler,56,2025-01-13 17:15:06,2025-01-13 12:30:05,4485.461,174.109,-4311.352
PV-Zähler,58,2025-01-15 00:00:19,2025-01-14 23:30:18,4515.717,175.475,-4340.241999999999
PV-Zähler,59,2025-01-16 13:30:17,2025-01-15 12:30:17,4519.384,177.046,-4342.338
PV-Zähler,60,2025-01-17 05:45:17,2025-01-16 23:45:18,4544.087,177.804,-4366.283
PV-Zähler,61,2025-01-18 23:30:12,2025-01-18 01:45:18,4552.221,179.538,-4372.682999999999
PV-Zähler,63,2025-01-20 02:45:07,2025-01-19 21:15:16,4597.216,180.655,-4416.561000000001
PV-Zähler,64,2025-01-21 22:30:05,2025-01-21 15:45:17,4640.84,182.165,-4458.675
PV-Zähler,65,2025-01-22 23:45:09,2025-01-22 00:45:19,4645.971,183.121,-4462.849999999999
PV-Zähler,67,2025-01-24 00:00:05,2025-01-24 00:00:05,4678.605,184.042,-4494.562999999999
PV-Zähler,68,2025-01-25 15:00:02,2025-01-25 10:00:08,4699.132,185.398,-4513.7339999999995
PV-Zähler,69,2025-01-26 22:00:05,2025-01-26 10:45:09,4719.75,186.577,-4533.173
PV-Zähler,70,2025-01-27 01:45:18,2025-01-27 00:00:04,4731.056,186.798,-4544.258
PV-Zähler,71,2025-01-28 22:45:16,2025-01-28 00:00:06,4739.28,188.506,-4550.773999999999
PV-Zähler,72,2025-01-29 23:45:05,2025-01-29 00:00:08,4745.952,189.597,-4556.3550000000005
PV-Zähler,73,2025-01-30 03:00:08,2025-01-30 00:00:04,4761.578,189.8,-4571.778
PV-Zähler,74,2025-01-31 22:45:06,2025-01-31 20:15:10,4811.661,191.283,-4620.378
PV-Zähler,76,2025-02-02 23:45:14,2025-02-02 20:45:08,4878.019,192.946,-4685.073
PV-Zähler,78,2025-02-04 23:30:14,2025-02-04 18:15:21,4909.62,194.73,-4714.89
PV-Zähler,80,2025-02-06 01:30:03,2025-02-05 08:15:07,4909.626,195.766,-4713.860000000001
PV-Zähler,81,2025-02-07 22:15:13,2025-02-07 13:30:18,4956.586,197.357,-4759.229
PV-Zähler,82,2025-02-08 19:45:11,2025-02-08 18:15:17,4999.101,197.938,-4801.163
PV-Zähler,83,2025-02-09 11:00:12,2025-02-09 08:00:07,5003.604,198.669,-4804.935
PV-Zähler,84,2025-02-10 22:00:17,2025-02-10 20:45:04,5061.836,199.801,-4862.035
PV-Zähler,86,2025-02-12 00:00:06,2025-02-11 06:30:12,5061.836,200.83,-4861.006
PV-Zähler,87,2025-02-13 10:15:10,2025-02-12 07:45:08,5076.52,202.223,-4874.2970000000005
PV-Zähler,88,2025-02-14 22:45:03,2025-02-14 03:30:02,5098.868,203.516,-4895.352000000001
PV-Zähler,89,2025-02-15 10:15:01,2025-02-15 03:00:40,5105.372,204.225,-4901.147
PV-Zähler,90,2025-02-16 23:15:11,2025-02-16 00:00:11,5129.487,205.447,-4924.04
PV-Zähler,91,2025-02-17 20:30:07,2025-02-17 00:00:07,5151.225,205.998,-4945.227000000001
PV-Zähler,92,2025-02-18 10:15:17,2025-02-18 00:00:11,5201.49,206.662,-4994.8279999999995
PV-Zähler,93,2025-02-19 17:00:05,2025-02-19 00:15:14,5249.949,207.348,-5042.601
PV-Zähler,95,2025-02-21 00:00:01,2025-02-20 08:30:08,5302.618,208.497,-5094.121
PV-Zähler,96,2025-02-22 00:00:15,2025-02-21 23:30:17,5361.738,209.216,-5152.522
PV-Zähler,97,2025-02-23 06:00:05,2025-02-23 01:45:12,5397.034,210.348,-5186.686
PV-Zähler,98,2025-02-24 23:45:19,2025-02-24 05:30:09,5428.699,211.614,-5217.085
PV-Zähler,100,2025-02-26 06:00:13,2025-02-25 20:00:04,5491.723,212.859,-5278.864
PV-Zähler,101,2025-02-27 08:45:16,2025-02-26 11:15:25,5498.033,213.773,-5284.26
PV-Zähler,102,2025-02-28 06:00:11,2025-02-27 09:15:14,5504.839,214.525,-5290.314
PV-Zähler,103,2025-03-01 12:30:10,2025-02-28 22:00:12,5536.257,217.052,-5319.205
PV-Zähler,104,2025-03-02 13:30:14,2025-03-01 22:00:16,5563.031,217.857,-5345.174
PV-Zähler,105,2025-03-03 00:15:00,2025-03-02 23:45:02,5625.98,218.019,-5407.960999999999
PV-Zähler,106,2025-03-04 01:45:17,2025-03-03 21:30:19,5692.013,218.652,-5473.361
PV-Zähler,107,2025-03-05 08:15:17,2025-03-05 03:45:09,5755.475,219.443,-5536.032
PV-Zähler,108,2025-03-06 23:45:25,2025-03-06 01:45:19,5823.528,220.002,-5603.526
PV-Zähler,110,2025-03-08 05:30:14,2025-03-07 23:15:17,5953.942,220.796,-5733.146
PV-Zähler,111,2025-03-09 00:00:12,2025-03-08 10:15:05,5963.56,220.885,-5742.675
PV-Zähler,112,2025-03-10 12:45:15,2025-03-09 20:45:16,6082.421,221.848,-5860.573
PV-Zähler,113,2025-03-11 23:30:10,2025-03-11 01:45:13,6139.511,222.718,-5916.793000000001
PV-Zähler,114,2025-03-12 22:30:02,2025-03-12 01:45:17,6185.928,223.619,-5962.309
PV-Zähler,116,2025-03-14 23:30:00,2025-03-14 06:30:09,6242.48,225.625,-6016.855
PV-Zähler,117,2025-03-15 18:30:11,2025-03-15 01:45:12,6266.266,226.18,-6040.085999999999
PV-Zähler,119,2025-03-17 23:00:18,2025-03-17 22:15:18,6459.302,227.669,-6231.633
PV-Zähler,121,2025-03-19 19:15:08,2025-03-19 04:45:03,6547.215,228.771,-6318.444
PV-Zähler,123,2025-03-21 04:00:13,2025-03-21 03:15:13,6710.596,229.665,-6480.931
PV-Zähler,125,2025-03-23 06:30:06,2025-03-22 21:45:12,6846.84,230.454,-6616.386
PV-Zähler,126,2025-03-24 17:45:09,2025-03-24 10:00:01,6902.703,231.384,-6671.319
PV-Zähler,127,2025-03-25 03:30:02,2025-03-25 00:00:04,6928.566,232.079,-6696.487
PV-Zähler,128,2025-03-26 18:00:16,2025-03-26 00:00:06,6986.43,232.841,-6753.589
PV-Zähler,129,2025-03-27 00:00:05,2025-03-27 00:00:05,7010.461,233.252,-6777.209
PV-Zähler,130,2025-03-28 18:15:17,2025-03-28 10:15:16,7089.605,234.081,-6855.523999999999
PV-Zähler,131,2025-03-29 23:45:02,2025-03-29 03:15:03,7166.599,234.39,-6932.209
PV-Zähler,132,2025-03-30 08:00:39,2025-03-30 04:45:01,7212.609,234.755,-6977.854
PV-Zähler,133,2025-03-31 11:00:16,2025-03-31 11:00:16,7261.179,235.607,-7025.572
PV-Zähler,134,2025-04-01 12:15:07,2025-04-01 11:00:12,7289.736,236.504,-7053.232
PV-Zähler,136,2025-04-03 08:15:14,2025-04-03 04:00:04,7428.709,237.317,-7191.392
PV-Zähler,137,2025-04-04 23:45:18,2025-04-04 00:00:06,7525.995,237.695,-7288.3
PV-Zähler,138,2025-04-05 01:00:18,2025-04-05 00:00:18,7621.033,237.695,-7383.338000000001
PV-Zähler,139,2025-04-06 23:15:19,2025-04-06 00:00:04,7701.978,237.773,-7464.205
PV-Zähler,140,2025-04-07 02:30:19,2025-04-07 00:00:19,7816.202,237.773,-7578.429
PV-Zähler,142,2025-04-09 01:00:03,2025-04-08 12:45:01,7960.62,238.135,-7722.485
PV-Zähler,143,2025-04-10 09:45:12,2025-04-10 00:15:19,8083.907,238.462,-7845.445
PV-Zähler,144,2025-04-11 20:15:17,2025-04-11 03:00:15,8179.52,238.475,-7941.045
PV-Zähler,146,2025-04-13 00:15:17,2025-04-12 16:00:15,8356.904,238.517,-8118.387000000001
PV-Zähler,147,2025-04-14 00:15:00,2025-04-13 22:00:00,8444.679,238.965,-8205.714
PV-Zähler,148,2025-04-15 23:30:16,2025-04-15 05:45:00,8510.764,239.646,-8271.117999999999
PV-Zähler,150,2025-04-17 00:00:13,2025-04-16 14:30:17,8656.806,239.903,-8416.903
PV-Zähler,151,2025-04-18 00:00:05,2025-04-17 09:00:14,8702.359,240.037,-8462.322
PV-Zähler,152,2025-04-19 00:00:10,2025-04-18 23:00:09,8792.939,240.856,-8552.083
PV-Zähler,153,2025-04-20 00:00:01,2025-04-19 00:00:10,8792.939,241.343,-8551.596
PV-Zähler,154,2025-04-21 00:00:03,2025-04-20 01:45:00,8881.62,241.347,-8640.273000000001
PV-Zähler,155,2025-04-22 22:15:12,2025-04-21 16:30:06,9044.471,241.829,-8802.642
PV-Zähler,156,2025-04-23 00:00:12,2025-04-22 23:15:12,9128.691,241.837,-8886.854000000001
PV-Zähler,157,2025-04-24 00:00:16,2025-04-23 13:00:14,9172.375,242.306,-8930.069
PV-Zähler,158,2025-04-25 00:00:15,2025-04-24 10:45:17,9246.872,242.327,-9004.545
PV-Zähler,159,2025-04-26 00:00:17,2025-04-25 08:00:15,9309.897,243.089,-9066.808
PV-Zähler,160,2025-04-27 00:00:19,2025-04-26 11:00:19,9352.982,243.566,-9109.416
PV-Zähler,161,2025-04-28 00:00:01,2025-04-27 11:00:00,9461.905,243.566,-9218.339
PV-Zähler,162,2025-04-29 00:00:05,2025-04-28 08:00:02,9567.572,243.583,-9323.989
PV-Zähler,163,2025-04-30 00:00:17,2025-04-29 22:45:16,9793.547,243.701,-9549.846000000001
PV-Zähler,164,2025-05-01 00:00:19,2025-04-30 06:15:17,9804.087,243.701,-9560.386
PV-Zähler,165,2025-05-02 13:45:02,2025-05-01 08:45:00,9931.405,243.701,-9687.704000000002
PV-Zähler,166,2025-05-03 00:15:03,2025-05-02 18:00:03,10135.986,243.701,-9892.285000000002
PV-Zähler,167,2025-05-04 00:00:06,2025-05-03 14:15:04,10180.515,243.968,-9936.546999999999
PV-Zähler,168,2025-05-05 00:00:10,2025-05-04 11:30:09,10219.63,244.441,-9975.188999999998
PV-Zähler,169,2025-05-06 03:15:15,2025-05-05 15:15:12,10312.712,244.582,-10068.13
PV-Zähler,170,2025-05-07 23:45:16,2025-05-07 17:45:16,10517.145,244.754,-10272.391
PV-Zähler,171,2025-05-08 18:45:19,2025-05-08 10:45:18,10556.463,245.145,-10311.318
PV-Zähler,172,2025-05-09 23:30:03,2025-05-09 00:15:00,10609.106,245.422,-10363.684
PV-Zähler,173,2025-05-10 18:00:01,2025-05-10 00:00:04,10735.455,245.422,-10490.033
PV-Zähler,174,2025-05-11 23:45:19,2025-05-11 02:30:16,10872.194,245.422,-10626.771999999999
PV-Zähler,175,2025-05-12 17:45:01,2025-05-12 03:45:00,11005.167,245.422,-10759.744999999999
PV-Zähler,177,2025-05-14 08:15:07,2025-05-14 01:30:06,11268.706,245.422,-11023.284
PV-Zähler,178,2025-05-15 04:30:10,2025-05-15 01:45:09,11400.331,245.422,-11154.909
PV-Zähler,180,2025-05-17 11:00:17,2025-05-16 23:45:16,11606.565,245.422,-11361.143
PV-Zähler,181,2025-05-18 22:00:02,2025-05-18 00:15:19,11711.992,245.533,-11466.459
PV-Zähler,183,2025-05-20 00:15:05,2025-05-19 23:45:05,11964.868,245.533,-11719.335000000001
PV-Zähler,184,2025-05-21 08:15:10,2025-05-21 00:00:08,12091.806,245.665,-11846.141
PV-Zähler,185,2025-05-22 21:30:00,2025-05-22 00:00:12,12172.299,245.994,-11926.305
PV-Zähler,186,2025-05-23 10:00:03,2025-05-23 00:00:01,12217.281,246.126,-11971.155
PV-Zähler,187,2025-05-24 01:15:05,2025-05-24 00:00:05,12324.154,246.126,-12078.028
PV-Zähler,188,2025-05-25 04:45:09,2025-05-25 00:00:09,12452.251,246.126,-12206.125
PV-Zähler,189,2025-05-26 08:15:12,2025-05-26 00:00:11,12492.154,246.798,-12245.356
PV-Zähler,190,2025-05-27 22:15:06,2025-05-27 00:00:15,12586.286,246.816,-12339.47
PV-Zähler,191,2025-05-28 05:00:07,2025-05-28 00:15:06,12671.725,247.118,-12424.607
PV-Zähler,192,2025-05-29 23:45:12,2025-05-29 00:00:09,12706.799,247.748,-12459.051000000001
PV-Zähler,193,2025-05-30 02:45:13,2025-05-30 00:00:12,12799.053,247.748,-12551.305
PV-Zähler,194,2025-05-31 00:45:16,2025-05-31 00:00:15,12899.636,247.831,-12651.805
PV-Zähler,195,2025-06-01 20:00:13,2025-06-01 00:00:11,13022.136,247.831,-12774.305
PV-Zähler,197,2025-06-03 21:00:00,2025-06-03 00:00:17,13176.666,248.134,-12928.532
PV-Zähler,198,2025-06-04 17:30:04,2025-06-04 00:00:01,13263.845,248.134,-13015.711
PV-Zähler,199,2025-06-05 06:30:05,2025-06-05 00:00:04,13323.422,248.134,-13075.288
PV-Zähler,200,2025-06-06 13:15:07,2025-06-06 00:00:07,13406.568,248.438,-13158.13
PV-Zähler,201,2025-06-07 17:15:12,2025-06-07 00:00:09,13456.586,248.947,-13207.639
PV-Zähler,202,2025-06-08 17:15:15,2025-06-08 00:00:13,13502.504,248.947,-13253.557
PV-Zähler,203,2025-06-09 06:15:16,2025-06-09 00:00:15,13574.967,248.947,-13326.02
PV-Zähler,204,2025-06-10 01:45:19,2025-06-10 00:00:19,13696.667,248.947,-13447.72
PV-Zähler,205,2025-06-11 02:00:17,2025-06-11 00:00:17,13805.047,248.947,-13556.1
PV-Zähler,207,2025-06-13 00:00:10,2025-06-12 00:00:19,13941.797,248.947,-13692.85
PV-Zähler,208,2025-06-14 00:15:08,2025-06-14 00:00:08,14227.612,248.947,-13978.664999999999
PV-Zähler,209,2025-06-15 00:15:11,2025-06-15 00:00:11,14363.504,248.947,-14114.557
PV-Zähler,211,2025-06-17 00:00:18,2025-06-16 00:00:14,14455.538,248.947,-14206.591
PV-Zähler,212,2025-06-18 00:00:10,2025-06-17 00:00:18,14569.239,248.947,-14320.292
PV-Zähler,213,2025-06-19 08:30:07,2025-06-19 00:00:13,14840.969,249.026,-14591.943
PV-Zähler,214,2025-06-20 00:15:09,2025-06-20 00:00:10,14977.403,249.026,-14728.377
PV-Zähler,215,2025-06-21 19:15:15,2025-06-21 00:15:13,15116.092,249.026,-14867.066
PV-Zähler,216,2025-06-22 12:00:17,2025-06-22 00:00:16,15262.599,249.026,-15013.573
PV-Zähler,217,2025-06-23 06:00:01,2025-06-23 00:00:19,15410.802,249.026,-15161.776
PV-Zähler,218,2025-06-24 15:30:00,2025-06-24 00:00:03,15512.537,249.242,-15263.295
PV-Zähler,219,2025-06-25 00:15:02,2025-06-25 00:00:02,15655.432,249.242,-15406.19
PV-Zähler,220,2025-06-26 00:00:17,2025-06-26 00:00:17,15784.353,249.433,-15534.919999999998
PV-Zähler,221,2025-06-27 00:00:00,2025-06-27 00:00:00,15878.847,249.433,-15629.414
PV-Zähler,222,2025-06-28 00:00:04,2025-06-28 00:00:04,15942.597,249.433,-15693.164
PV-Zähler,224,2025-06-30 02:15:02,2025-06-30 00:00:01,16203.811,249.433,-15954.378
PV-Zähler,226,2025-07-02 00:00:05,2025-07-02 00:00:05,16467.186,249.858,-16217.328000000001
PV-Zähler,227,2025-07-03 00:00:08,2025-07-03 00:00:08,16603.973,250.295,-16353.678000000002
PV-Zähler,228,2025-07-04 00:00:11,2025-07-04 00:00:11,16675.783,250.699,-16425.084
PV-Zähler,229,2025-07-05 06:45:14,2025-07-05 00:00:13,16804.544,251.121,-16553.423000000003
PV-Zähler,230,2025-07-06 00:15:18,2025-07-06 00:15:18,16927.228,251.121,-16676.107
PV-Zähler,231,2025-07-07 00:30:01,2025-07-07 00:00:01,17016.679,251.121,-16765.558
PV-Zähler,232,2025-07-08 23:45:17,2025-07-08 00:00:14,17084.339,251.729,-16832.61
PV-Zähler,233,2025-07-09 00:00:17,2025-07-09 00:00:17,17139.73,251.729,-16888.001
PV-Zähler,234,2025-07-10 17:15:10,2025-07-10 09:45:08,17222.772,251.745,-16971.027000000002
PV-Zähler,235,2025-07-11 23:45:14,2025-07-11 17:00:13,17376.255,251.745,-17124.510000000002
PV-Zähler,236,2025-07-12 16:30:12,2025-07-12 11:30:15,17430.525,251.745,-17178.780000000002
PV-Zähler,238,2025-07-14 15:00:05,2025-07-13 16:45:04,17523.982,251.745,-17272.237
PV-Zähler,239,2025-07-15 00:00:06,2025-07-14 17:00:06,17595.645,251.745,-17343.9
PV-Zähler,240,2025-07-16 00:00:10,2025-07-16 00:00:10,17706.744,251.745,-17454.999
PV-Zähler,242,2025-07-18 07:00:17,2025-07-17 16:15:16,17813.792,251.748,-17562.044
PV-Zähler,243,2025-07-19 16:45:02,2025-07-19 06:30:02,17968.731,251.748,-17716.983
PV-Zähler,244,2025-07-20 18:30:18,2025-07-20 10:30:18,18101.965,251.748,-17850.217
PV-Zähler,246,2025-07-22 00:15:03,2025-07-21 08:30:01,18198.184,252.252,-17945.932
PV-Zähler,247,2025-07-23 04:30:05,2025-07-23 04:00:05,18304.479,252.663,-18051.816
PV-Zähler,249,2025-07-25 02:15:19,2025-07-24 23:45:19,18433.854,253.1,-18180.754
PV-Zähler,250,2025-07-26 02:15:02,2025-07-25 11:45:19,18461.894,253.365,-18208.529
PV-Zähler,251,2025-07-27 21:30:08,2025-07-27 17:00:08,18597.96,253.746,-18344.214
PV-Zähler,253,2025-07-29 06:00:05,2025-07-28 21:45:03,18653.425,255.074,-18398.351
PV-Zähler,254,2025-07-30 17:30:04,2025-07-30 15:00:03,18718.921,259.321,-18459.6
PV-Zähler,256,2025-08-01 01:00:08,2025-07-31 03:45:05,18750.268,259.531,-18490.737
PV-Zähler,257,2025-08-02 00:00:05,2025-08-01 16:45:11,18832.12,261.108,-18571.012
PV-Zähler,258,2025-08-03 23:45:11,2025-08-03 06:15:06,18896.322,261.906,-18634.416
PV-Zähler,260,2025-08-05 21:45:17,2025-08-05 03:15:14,18990.871,262.918,-18727.952999999998
PV-Zähler,261,2025-08-06 18:15:14,2025-08-06 10:00:12,19069.91,262.966,-18806.944
PV-Zähler,262,2025-08-07 09:00:15,2025-08-07 00:15:14,19166.489,262.966,-18903.523
PV-Zähler,263,2025-08-08 09:00:10,2025-08-08 00:00:08,19247.451,263.51,-18983.941000000003
PV-Zähler,264,2025-08-09 22:30:14,2025-08-09 11:15:13,19385.174,263.51,-19121.664
PV-Zähler,266,2025-08-11 02:15:18,2025-08-10 15:00:16,19544.106,263.51,-19280.596
PV-Zähler,267,2025-08-12 00:00:00,2025-08-11 06:45:19,19596.502,263.51,-19332.992000000002
PV-Zähler,268,2025-08-13 12:00:07,2025-08-12 16:45:04,19802.112,263.51,-19538.602000000003
PV-Zähler,269,2025-08-14 04:00:09,2025-08-13 15:45:07,19900.931,263.51,-19637.421000000002
PV-Zähler,270,2025-08-15 21:15:13,2025-08-14 23:45:11,20036.42,263.514,-19772.906
PV-Zähler,271,2025-08-16 00:00:13,2025-08-15 23:45:13,20125.551,263.514,-19862.037
PV-Zähler,272,2025-08-17 00:00:16,2025-08-16 07:45:14,20135.961,263.515,-19872.446
PV-Zähler,273,2025-08-18 11:15:01,2025-08-18 09:15:01,20288.308,264.163,-20024.145
PV-Zähler,275,2025-08-20 00:00:15,2025-08-19 08:45:04,20337.796,264.89,-20072.906
PV-Zähler,276,2025-08-21 00:00:17,2025-08-20 08:30:16,20443.482,264.894,-20178.588
PV-Zähler,277,2025-08-22 00:00:09,2025-08-21 09:15:18,20483.942,265.221,-20218.720999999998
PV-Zähler,278,2025-08-23 06:45:06,2025-08-22 17:15:12,20598.722,265.221,-20333.501
PV-Zähler,279,2025-08-24 09:30:10,2025-08-24 08:15:09,20680.023,265.221,-20414.802
PV-Zähler,281,2025-08-26 01:00:15,2025-08-25 13:45:14,20782.779,265.607,-20517.172
PV-Zähler,282,2025-08-27 06:00:00,2025-08-27 00:00:19,20927.674,265.737,-20661.936999999998
PV-Zähler,283,2025-08-28 22:00:05,2025-08-28 03:30:03,21005.988,266.15,-20739.838
PV-Zähler,284,2025-08-29 14:30:14,2025-08-29 12:15:14,21049.266,266.863,-20782.403
PV-Zähler,286,2025-08-31 00:00:00,2025-08-30 03:00:09,21101.3,291.85,-20809.45
PV-Zähler,287,2025-09-01 17:15:00,2025-09-01 00:15:17,21251.654,292.346,-20959.307999999997
PV-Zähler,289,2025-09-03 12:45:25,2025-09-02 20:45:03,21329.028,294.014,-21035.014
PV-Zähler,290,2025-09-04 19:15:09,2025-09-04 00:45:08,21407.671,294.389,-21113.282
PV-Zähler,291,2025-09-05 23:45:02,2025-09-05 00:00:10,21466.967,294.952,-21172.015
PV-Zähler,292,2025-09-06 05:15:02,2025-09-06 01:45:02,21507.554,295.378,-21212.176
PV-Zähler,294,2025-09-08 22:15:19,2025-09-08 06:30:17,21679.776,298.88,-21380.896
PV-Zähler,295,2025-09-09 12:30:01,2025-09-09 11:15:01,21731.615,301.076,-21430.539
PV-Zähler,297,2025-09-11 19:00:09,2025-09-11 03:00:06,21779.304,305.222,-21474.082
PV-Zähler,299,2025-09-13 04:30:16,2025-09-13 04:30:16,21872.987,306.12,-21566.867000000002
PV-Zähler,301,2025-09-15 15:45:02,2025-09-15 04:45:00,21979.64,361.738,-21617.902
PV-Zähler,302,2025-09-16 22:15:02,2025-09-16 16:30:01,22051.41,362.486,-21688.924
PV-Zähler,304,2025-09-18 15:00:07,2025-09-18 08:30:06,22117.713,363.84,-21753.873
PV-Zähler,305,2025-09-19 15:00:03,2025-09-19 01:15:09,22171.026,366.207,-21804.819000000003
PV-Zähler,307,2025-09-21 01:15:15,2025-09-20 23:45:14,22284.388,367.307,-21917.081
PV-Zähler,308,2025-09-22 08:30:16,2025-09-21 20:45:14,22349.965,368.635,-21981.33
PV-Zähler,309,2025-09-23 17:45:00,2025-09-23 04:00:19,22355.819,411.254,-21944.565
PV-Zähler,310,2025-09-24 11:45:10,2025-09-24 01:00:02,22376.912,412.241,-21964.671000000002
PV-Zähler,311,2025-09-25 19:45:15,2025-09-25 05:30:13,22386.097,418.692,-21967.405000000002
PV-Zähler,313,2025-09-27 14:00:19,2025-09-27 00:00:09,22429.631,507.771,-21921.86
PV-Zähler,314,2025-09-28 13:30:02,2025-09-28 02:45:00,22461.609,508.718,-21952.891
PV-Zähler,316,2025-09-30 11:30:07,2025-09-29 22:45:05,22555.396,537.505,-22017.891
PV-Zähler,317,2025-10-01 07:45:10,2025-09-30 18:00:08,22573.931,538.465,-22035.466
PV-Zähler,318,2025-10-02 21:15:15,2025-10-02 18:00:15,22658.948,539.292,-22119.656
PV-Zähler,320,2025-10-04 01:00:00,2025-10-03 03:45:16,22659.315,555.066,-22104.249
PV-Zähler,321,2025-10-05 10:00:14,2025-10-05 05:15:14,22744.363,603.136,-22141.227000000003
PV-Zähler,322,2025-10-06 12:30:17,2025-10-06 00:00:16,22780.986,604.108,-22176.878
PV-Zähler,324,2025-10-08 09:45:13,2025-10-08 00:45:11,22809.354,606.438,-22202.916
PV-Zähler,325,2025-10-09 16:00:10,2025-10-09 01:13:07,22846.778,607.349,-22239.429
PV-Zähler,326,2025-10-10 10:15:12,2025-10-10 01:30:11,22874.366,608.357,-22266.009000000002
PV-Zähler,328,2025-10-12 03:15:18,2025-10-11 02:00:14,22888.313,610.059,-22278.253999999997
PV-Zähler,329,2025-10-13 20:45:18,2025-10-13 04:00:15,22919.361,660.658,-22258.703
PV-Zähler,330,2025-10-14 14:30:02,2025-10-14 12:00:01,22944.611,693.038,-22251.573
PV-Zähler,331,2025-10-15 07:00:05,2025-10-15 01:00:03,22984.095,693.81,-22290.285
PV-Zähler,332,2025-10-16 16:45:10,2025-10-16 04:45:08,23018.844,694.831,-22324.013000000003
PV-Zähler,333,2025-10-17 17:00:12,2025-10-17 13:45:12,23058.042,715.262,-22342.780000000002
PV-Zähler,334,2025-10-18 21:15:05,2025-10-18 03:30:13,23066.47,716.519,-22349.951
PV-Zähler,335,2025-10-19 21:15:08,2025-10-19 08:15:06,23100.458,717.564,-22382.894
PV-Zähler,336,2025-10-20 23:30:11,2025-10-20 04:30:09,23128.886,718.798,-22410.088
PV-Zähler,338,2025-10-22 02:30:15,2025-10-21 19:45:14,23187.666,719.994,-22467.672000000002
PV-Zähler,339,2025-10-23 20:45:20,2025-10-23 11:30:20,23210.121,749.921,-22460.2
PV-Zähler,341,2025-10-25 02:15:03,2025-10-25 00:45:03,23245.243,751.535,-22493.708
PV-Zähler,342,2025-10-26 14:00:05,2025-10-26 00:15:03,23260.927,762.482,-22498.445
PV-Zähler,343,2025-10-27 01:45:15,2025-10-27 00:00:15,23275.299,768.476,-22506.823
PV-Zähler,344,2025-10-28 05:30:19,2025-10-28 00:00:18,23291.123,769.894,-22521.229
PV-Zähler,345,2025-10-29 03:00:02,2025-10-29 00:00:02,23307.429,770.762,-22536.667
PV-Zähler,346,2025-10-30 04:00:05,2025-10-30 00:00:05,23319.154,829.206,-22489.948
PV-Zähler,347,2025-10-31 23:30:09,2025-10-31 00:00:08,23341.412,892.963,-22448.449
PV-Zähler,349,2025-11-02 23:30:12,2025-11-02 00:15:14,23399.536,940.299,-22459.237
PV-Zähler,350,2025-11-03 13:15:14,2025-11-03 00:00:12,23407.636,941.569,-22466.067
PV-Zähler,351,2025-11-04 23:45:18,2025-11-04 00:00:14,23425.999,943.07,-22482.929
PV-Zähler,353,2025-11-06 18:30:15,2025-11-06 01:00:13,23495.324,966.61,-22528.714
PV-Zähler,354,2025-11-07 17:00:19,2025-11-07 05:00:17,23501.021,969.473,-22531.548000000003
PV-Zähler,356,2025-11-09 03:28:11,2025-11-08 13:45:02,23516.314,1038.446,-22477.868
PV-Zähler,357,2025-11-10 03:15:06,2025-11-09 06:15:12,23518.149,1052.226,-22465.923000000003
PV-Zähler,358,2025-11-11 05:45:16,2025-11-10 11:30:18,23529.073,1053.712,-22475.361
PV-Zähler,359,2025-11-12 18:00:06,2025-11-12 00:00:20,23562.777,1055.11,-22507.666999999998
PV-Zähler,361,2025-11-14 01:45:10,2025-11-13 22:45:10,23613.903,1056.828,-22557.074999999997
PV-Zähler,362,2025-11-15 03:15:14,2025-11-14 23:45:13,23626.086,1098.623,-22527.463
PV-Zähler,363,2025-11-16 22:30:20,2025-11-16 22:00:00,23658.719,1175.62,-22483.099000000002
PV-Zähler,365,2025-11-18 23:30:01,2025-11-18 20:30:00,23681.097,1221.282,-22459.815000000002
PV-Zähler,367,2025-11-20 03:30:11,2025-11-19 00:00:01,23681.097,1267.514,-22413.583000000002
PV-Zähler,368,2025-11-21 06:00:35,2025-11-20 15:45:13,23709.588,1286.368,-22423.22
PV-Zähler,369,2025-11-22 10:15:19,2025-11-22 05:00:18,23731.666,1330.802,-22400.864
PV-Zähler,370,2025-11-23 23:15:05,2025-11-23 20:45:08,23775.688,1373.548,-22402.14
PV-Zähler,372,2025-11-25 00:00:07,2025-11-24 02:30:06,23775.688,1374.953,-22400.734999999997
PV-Zähler,373,2025-11-26 00:00:10,2025-11-25 00:00:07,23782.394,1376.402,-22405.992
PV-Zähler,374,2025-11-27 00:00:08,2025-11-26 23:45:08,23796.277,1403.931,-22392.345999999998
PV-Zähler,375,2025-11-28 00:00:03,2025-11-27 23:15:02,23805.14,1463.542,-22341.597999999998
PV-Zähler,376,2025-11-29 00:00:05,2025-11-28 23:15:05,23808.952,1504.948,-22304.004
PV-Zähler,377,2025-11-30 23:45:07,2025-11-30 23:45:07,23827.937,1586.958,-22240.979000000003
PV-Zähler,379,2025-12-02 00:00:10,2025-12-01 08:15:08,23827.964,1633.091,-22194.873
PV-Zähler,380,2025-12-03 00:00:12,2025-12-02 23:45:12,23863.241,1636.481,-22226.760000000002
PV-Zähler,381,2025-12-04 00:00:16,2025-12-03 03:15:14,23863.241,1637.725,-22225.516000000003
PV-Zähler,382,2025-12-05 00:00:18,2025-12-04 15:30:17,23871.441,1639.46,-22231.981
PV-Zähler,383,2025-12-06 00:00:01,2025-12-05 02:45:18,23871.443,1648.601,-22222.842
PV-Zähler,384,2025-12-07 00:00:13,2025-12-07 00:00:13,23884.66,1722.982,-22161.678
PV-Zähler,386,2025-12-09 11:00:03,2025-12-08 11:00:16,23893.335,1813.968,-22079.367
PV-Zähler,387,2025-12-10 04:30:05,2025-12-09 11:00:03,23902.269,1814.918,-22087.351
PV-Zähler,388,2025-12-11 22:00:30,2025-12-11 18:00:09,23940.063,1824.141,-22115.922
PV-Zähler,390,2025-12-13 00:00:14,2025-12-12 23:45:13,23944.577,1877.64,-22066.937
PV-Zähler,391,2025-12-14 23:30:10,2025-12-14 23:30:10,23952.887,1922.06,-22030.826999999997
PV-Zähler,393,2025-12-16 21:45:19,2025-12-16 00:00:09,23959.224,1964.256,-21994.967999999997
PV-Zähler,394,2025-12-17 04:00:17,2025-12-17 00:00:18,23970.569,1964.738,-22005.831
PV-Zähler,395,2025-12-18 01:45:01,2025-12-18 00:45:02,23983.914,1965.799,-22018.115
PV-Zähler,397,2025-12-20 00:00:17,2025-12-19 10:15:16,24001.19,1980.372,-22020.818
PV-Zähler,398,2025-12-21 02:45:15,2025-12-20 10:30:15,24013.961,2043.66,-21970.301
PV-Zähler,399,2025-12-22 00:00:18,2025-12-21 22:00:39,24043.275,2044.67,-21998.605000000003
PV-Zähler,400,2025-12-23 09:28:00,2025-12-23 09:28:00,24052.372,2046.571,-22005.801
PV-Zähler,402,2025-12-25 13:45:04,2025-12-25 10:30:23,24061.132,2098.486,-21962.646
PV-Zähler,404,2025-12-27 13:15:18,2025-12-26 18:15:07,24089.954,2143.38,-21946.574
PV-Zähler,405,2025-12-28 11:15:06,2025-12-27 14:45:10,24102.881,2144.584,-21958.297000000002
PV-Zähler,406,2025-12-29 10:15:14,2025-12-28 23:30:15,24121.235,2184.123,-21937.112
PV-Zähler,407,2025-12-30 01:15:14,2025-12-29 12:45:02,24129.181,2184.814,-21944.367000000002
PV-Zähler,408,2025-12-31 22:45:11,2025-12-30 11:15:05,24134.559,2205.312,-21929.247000000003
PV-Zähler,409,2026-01-01 22:45:08,2026-01-01 10:30:10,24148.91,2254.361,-21894.549
PV-Zähler,410,2026-01-02 14:15:18,2026-01-02 10:15:00,24156.532,2260.003,-21896.529
PV-Zähler,412,2026-01-04 02:00:13,2026-01-03 23:15:16,24157.424,2290.846,-21866.577999999998
PV-Zähler,413,2026-01-05 01:00:05,2026-01-05 00:00:10,24157.988,2327.438,-21830.550000000003
PV-Zähler,414,2026-01-06 12:30:02,2026-01-06 00:15:05,24158.326,2384.685,-21773.641
PV-Zähler,415,2026-01-07 05:15:06,2026-01-07 00:00:18,24159.035,2480.512,-21678.523
PV-Zähler,416,2026-01-08 23:30:03,2026-01-08 00:00:10,24160.582,2495.844,-21664.737999999998
PV-Zähler,418,2026-01-10 01:15:01,2026-01-09 23:45:04,24165.01,2515.014,-21649.996
PV-Zähler,419,2026-01-11 04:45:02,2026-01-11 03:30:02,24171.774,2552.56,-21619.214
PV-Zähler,420,2026-01-12 23:45:11,2026-01-12 20:15:08,24177.855,2671.58,-21506.275
PV-Zähler,421,2026-01-13 20:00:07,2026-01-13 13:30:11,24183.694,2674.605,-21509.089
PV-Zähler,423,2026-01-15 05:00:12,2026-01-14 23:45:19,24196.71,2757.056,-21439.654
PV-Zähler,424,2026-01-16 00:00:08,2026-01-15 12:30:09,24200.433,2757.903,-21442.530000000002
PV-Zähler,425,2026-01-17 16:45:03,2026-01-17 05:00:03,24232.469,2759.724,-21472.745000000003
PV-Zähler,426,2026-01-18 16:30:01,2026-01-18 10:30:07,24242.996,2761.125,-21481.871
PV-Zähler,428,2026-01-20 00:00:09,2026-01-19 16:30:05,24285.627,2762.798,-21522.829
PV-Zähler,429,2026-01-21 01:45:08,2026-01-20 01:15:03,24286.223,2763.974,-21522.249000000003
PV-Zähler,430,2026-01-22 13:45:19,2026-01-21 01:45:08,24310.575,2765.495,-21545.08
PV-Zähler,431,2026-01-23 07:15:00,2026-01-22 21:00:06,24355.317,2766.575,-21588.742
PV-Zähler,432,2026-01-24 23:45:16,2026-01-24 02:30:06,24380.877,2825.142,-21555.735
PV-Zähler,434,2026-01-26 00:15:03,2026-01-25 21:15:13,24409.083,2867.047,-21542.036
PV-Zähler,435,2026-01-27 19:00:11,2026-01-27 00:45:04,24409.083,2907.083,-21502.0
PV-Zähler,437,2026-01-29 00:00:02,2026-01-28 23:00:03,24409.083,2909.915,-21499.167999999998
PV-Zähler,438,2026-01-30 00:00:00,2026-01-29 04:15:17,24409.083,2915.247,-21493.836
PV-Zähler,439,2026-01-31 00:00:08,2026-01-30 19:15:10,24409.191,2976.545,-21432.646
PV-Zähler,440,2026-02-01 00:00:00,2026-01-31 14:15:19,24409.357,3045.423,-21363.934
PV-Zähler,441,2026-02-02 21:45:15,2026-02-02 11:15:09,24415.12,3139.136,-21275.984
PV-Zähler,443,2026-02-04 00:00:15,2026-02-03 22:30:02,24431.822,3140.462,-21291.36
PV-Zähler,444,2026-02-05 11:45:20,2026-02-05 00:15:03,24446.583,3179.387,-21267.196
PV-Zähler,446,2026-02-07 01:45:10,2026-02-06 06:15:01,24456.423,3181.165,-21275.257999999998
PV-Zähler,447,2026-02-08 01:15:07,2026-02-08 00:00:12,24474.852,3182.416,-21292.435999999998
PV-Zähler,449,2026-02-10 01:15:12,2026-02-10 00:00:13,24513.086,3208.361,-21304.725
PV-Zähler,450,2026-02-11 03:15:06,2026-02-11 02:15:08,24536.166,3210.678,-21325.488
PV-Zähler,451,2026-02-12 23:45:18,2026-02-12 08:00:10,24542.877,3263.157,-21279.72
PV-Zähler,453,2026-02-14 01:30:03,2026-02-13 23:15:20,24577.722,3300.773,-21276.949
PV-Zähler,454,2026-02-15 21:30:07,2026-02-15 03:15:11,24590.654,3341.112,-21249.541999999998
PV-Zähler,455,2026-02-16 21:30:13,2026-02-16 15:00:19,24624.875,3382.866,-21242.009
PV-Zähler,457,2026-02-18 21:45:04,2026-02-18 21:00:03,24681.504,3384.871,-21296.633
PV-Zähler,458,2026-02-19 12:15:03,2026-02-19 06:00:08,24681.504,3385.737,-21295.767
PV-Zähler,460,2026-02-21 20:15:01,2026-02-21 07:30:16,24683.04,3445.236,-21237.804
PV-Zähler,461,2026-02-22 22:00:00,2026-02-22 00:30:01,24698.822,3556.017,-21142.805
PV-Zähler,462,2026-02-23 23:45:11,2026-02-23 02:45:01,24710.606,3589.421,-21121.185
PV-Zähler,463,2026-02-24 05:45:06,2026-02-24 03:30:10,24728.635,3589.884,-21138.750999999997
PV-Zähler,464,2026-02-25 15:15:15,2026-02-25 13:30:04,24766.341,3591.024,-21175.317
PV-Zähler,465,2026-02-26 23:30:06,2026-02-26 12:00:17,24779.768,3600.007,-21179.761
PV-Zähler,467,2026-02-28 00:00:06,2026-02-27 01:15:05,24810.522,3665.72,-21144.802
PV-Zähler,468,2026-03-01 08:30:14,2026-03-01 01:15:18,24901.58,3667.006,-21234.574
PV-Zähler,469,2026-03-02 19:45:05,2026-03-02 08:15:09,24942.556,3667.93,-21274.626
PV-Zähler,470,2026-03-03 17:15:13,2026-03-03 03:45:17,25003.5,3668.615,-21334.885000000002
PV-Zähler,472,2026-03-05 07:30:16,2026-03-05 01:45:13,25117.238,3669.888,-21447.350000000002
PV-Zähler,473,2026-03-06 05:45:16,2026-03-06 04:00:16,25172.299,3768.89,-21403.409
